date,price
2017-07-03,85.33635711669922
2017-07-05,86.3389663696289
2017-07-06,86.4524917602539
2017-07-07,88.80770111083984
2017-07-10,87.90912628173828
2017-07-11,86.61328125
2017-07-12,89.50763702392578
2017-07-13,88.66580200195312
2017-07-14,87.61589813232422
2017-07-17,87.09567260742188
2017-07-18,85.8376693725586
2017-07-19,85.38363647460938
2017-07-20,84.27696990966797
2017-07-21,83.47299194335938
2017-07-24,82.30011749267578
2017-07-25,82.41361999511719
2017-07-26,82.9716796875
2017-07-27,83.21760559082031
2017-07-28,81.64745330810547
2017-07-31,80.61647033691406
2017-08-01,80.88130187988281
2017-08-02,81.0042724609375
2017-08-03,80.38944244384766
2017-08-04,81.22181701660156
2017-08-07,81.34477996826172
2017-08-08,80.54078674316406
2017-08-09,79.7746353149414
2017-08-10,79.25440979003906
2017-08-11,79.8976058959961
2017-08-14,80.4840316772461
2017-08-15,79.36791229248047
2017-08-16,79.2733154296875
2017-08-17,75.68848419189453
2017-08-18,74.48271942138672
2017-08-21,74.03648376464844
2017-08-22,73.2104721069336
2017-08-23,71.12174224853516
2017-08-24,69.80203247070312
2017-08-25,71.71036529541016
2017-08-28,70.55206298828125
2017-08-29,70.61854553222656
2017-08-30,70.38116455078125
2017-08-31,70.8843765258789
2017-09-01,71.3495864868164
2017-09-05,69.35578918457031
2017-09-06,69.95392608642578
2017-09-07,69.4602279663086
2017-09-08,70.54257202148438
2017-09-11,71.76734161376953
2017-09-12,72.46041870117188
2017-09-13,72.35598754882812
2017-09-14,73.57124328613281
2017-09-15,71.47301483154297
2017-09-18,69.37478637695312
2017-09-19,68.58674621582031
2017-09-20,69.30831146240234
2017-09-21,69.22288513183594
2017-09-22,70.96981811523438
2017-09-25,71.00779724121094
2017-09-26,71.16920471191406
2017-09-27,71.30211639404297
2017-09-28,72.03319549560547
2017-09-29,72.41294860839844
2017-10-02,73.13452911376953
2017-10-03,76.09674835205078
2017-10-04,76.75183868408203
2017-10-05,75.71695709228516
2017-10-06,76.48600006103516
2017-10-09,76.34359741210938
2017-10-10,76.59992980957031
2017-10-11,77.39745330810547
2017-10-12,76.33409118652344
2017-10-13,76.86576843261719
2017-10-16,76.40055084228516
2017-10-17,76.4480209350586
2017-10-18,76.36256408691406
2017-10-19,74.84349822998047
2017-10-20,75.66000366210938
2017-10-23,74.75804138183594
2017-10-24,75.37517547607422
2017-10-25,65.43463134765625
2017-10-26,62.07365798950195
2017-10-27,63.212989807128906
2017-10-30,63.09904861450195
2017-10-31,62.6907958984375
2017-11-01,62.45343780517578
2017-11-02,60.43115997314453
2017-11-03,60.43115997314453
2017-11-06,60.70649337768555
2017-11-07,59.05448532104492
2017-11-08,58.940555572509766
2017-11-09,59.225379943847656
2017-11-10,59.26335906982422
2017-11-13,58.598758697509766
2017-11-14,58.5607795715332
2017-11-15,61.18120574951172
2017-11-16,62.53888702392578
2017-11-17,63.04209899902344
2017-11-20,63.042083740234375
2017-11-21,63.127933502197266
2017-11-22,62.546142578125
2017-11-24,62.374473571777344
2017-11-27,62.336326599121094
2017-11-28,64.17704010009766
2017-11-29,65.91284942626953
2017-11-30,65.9700698852539
2017-12-01,63.81461715698242
2017-12-04,65.12123107910156
2017-12-05,64.9495620727539
2017-12-06,64.69205474853516
2017-12-07,66.16082000732422
2017-12-08,66.51367950439453
2017-12-11,66.49461364746094
2017-12-12,66.57091522216797
2017-12-13,65.82698822021484
2017-12-14,66.17988586425781
2017-12-15,67.55326843261719
2017-12-18,70.156982421875
2017-12-19,69.80409240722656
2017-12-20,70.35726165771484
2017-12-21,71.23469543457031
2017-12-22,70.84366607666016
2017-12-26,71.37776184082031
2017-12-27,70.92949676513672
2017-12-28,71.12025451660156
2017-12-29,70.10929107666016
2018-01-02,71.5398941040039
2018-01-03,71.20609283447266
2018-01-04,70.43355560302734
2018-01-05,70.32864379882812
2018-01-08,69.38445281982422
2018-01-09,67.99199676513672
2018-01-10,68.71684265136719
2018-01-11,71.34915161132812
2018-01-12,70.11883544921875
2018-01-16,67.98245239257812
2018-01-17,67.54373168945312
2018-01-18,66.5613784790039
2018-01-19,65.69347381591797
2018-01-22,65.37875366210938
2018-01-23,66.25618743896484
2018-01-24,61.697322845458984
2018-01-25,59.198516845703125
2018-01-26,61.55426025390625
2018-01-29,62.450782775878906
2018-01-30,61.229976654052734
2018-01-31,62.68921661376953
2018-02-01,61.11553955078125
2018-02-02,61.57332229614258
2018-02-05,59.8375244140625
2018-02-06,60.26670455932617
2018-02-07,61.258602142333984
2018-02-08,61.077388763427734
2018-02-09,61.72593307495117
2018-02-12,62.95625305175781
2018-02-13,63.795528411865234
2018-02-14,63.67155075073242
2018-02-15,63.10884094238281
2018-02-16,62.265480041503906
2018-02-20,61.709625244140625
2018-02-21,61.99714279174805
2018-02-22,61.49878692626953
2018-02-23,62.275062561035156
2018-02-26,63.396358489990234
2018-02-27,62.18881607055664
2018-02-28,61.81504440307617
2018-03-01,61.958805084228516
2018-03-02,60.74167251586914
2018-03-05,60.9716796875
2018-03-06,61.623374938964844
2018-03-07,61.33586120605469
2018-03-08,62.10256576538086
2018-03-09,62.10256576538086
2018-03-12,63.0417594909668
2018-03-13,65.92646789550781
2018-03-14,62.936336517333984
2018-03-15,63.17593765258789
2018-03-16,63.74137878417969
2018-03-19,62.39006423950195
2018-03-20,62.4763298034668
2018-03-21,61.537113189697266
2018-03-22,60.204978942871094
2018-03-23,59.30411148071289
2018-03-26,59.57245635986328
2018-03-27,58.93034362792969
2018-03-28,59.007022857666016
2018-03-29,59.380775451660156
2018-04-02,55.346031188964844
2018-04-03,57.60779571533203
2018-04-04,58.67158126831055
2018-04-05,59.5245361328125
2018-04-06,58.240318298339844
2018-04-09,57.320281982421875
2018-04-10,57.35861587524414
2018-04-11,56.601505279541016
2018-04-12,57.76113510131836
2018-04-13,61.28793716430664
2018-04-16,62.495487213134766
2018-04-17,62.28464126586914
2018-04-18,63.223854064941406
2018-04-19,62.792579650878906
2018-04-20,62.667999267578125
2018-04-23,66.23314666748047
2018-04-24,62.54341125488281
2018-04-25,63.626373291015625
2018-04-26,63.156776428222656
2018-04-27,63.27177429199219
2018-04-30,62.227149963378906
2018-05-01,62.715919494628906
2018-05-02,60.751258850097656
2018-05-03,60.30081558227539
2018-05-04,60.185813903808594
2018-05-07,59.08369064331055
2018-05-08,59.064517974853516
2018-05-09,57.87614059448242
2018-05-10,58.039058685302734
2018-05-11,58.01030731201172
2018-05-14,57.55028533935547
2018-05-15,56.30440139770508
2018-05-16,56.63983154296875
2018-05-17,56.16064453125
2018-05-18,55.78688049316406
2018-05-21,55.83506774902344
2018-05-22,56.06634521484375
2018-05-23,56.29762649536133
2018-05-24,57.694950103759766
2018-05-25,59.622283935546875
2018-05-29,58.36951446533203
2018-05-30,58.090057373046875
2018-05-31,58.60080337524414
2018-06-01,58.64898681640625
2018-06-04,59.5741081237793
2018-06-05,59.01517868041992
2018-06-06,59.757198333740234
2018-06-07,59.9113883972168
2018-06-08,60.065582275390625
2018-06-11,60.585960388183594
2018-06-12,60.01739501953125
2018-06-13,59.4006462097168
2018-06-14,60.229400634765625
2018-06-15,60.74978256225586
2018-06-18,60.48959732055664
2018-06-19,60.20049285888672
2018-06-20,60.903968811035156
2018-06-21,61.72309494018555
2018-06-22,60.62450408935547
2018-06-25,59.49701690673828
2018-06-26,58.42734146118164
2018-06-27,57.829864501953125
2018-06-28,58.13823699951172
2018-06-29,58.19606018066406
2018-07-02,58.95736312866211
2018-07-03,59.42955017089844
2018-07-05,59.88248062133789
2018-07-06,60.075218200683594
2018-07-09,61.18343734741211
2018-07-10,60.60523223876953
2018-07-11,58.00332260131836
2018-07-12,58.64898681640625
2018-07-13,59.19827651977539
2018-07-16,59.17900466918945
2018-07-17,59.55483627319336
2018-07-18,60.89433288574219
2018-07-19,61.4725456237793
2018-07-20,58.42734146118164
2018-07-23,59.30427932739258
2018-07-24,56.866188049316406
2018-07-25,56.96255874633789
2018-07-26,62.40730285644531
2018-07-27,61.33762741088867
2018-07-30,60.11376190185547
2018-07-31,60.54741287231445
2018-08-01,58.86098861694336
2018-08-02,59.36209487915039
2018-08-03,60.51850891113281
2018-08-06,60.82687759399414
2018-08-07,61.53999328613281
2018-08-08,61.8194580078125
2018-08-09,61.43399429321289
2018-08-10,60.93288040161133
2018-08-13,59.641563415527344
2018-08-14,60.47031784057617
2018-08-15,61.424354553222656
2018-08-16,61.9736442565918
2018-08-17,62.63858413696289
2018-08-20,64.73040771484375
2018-08-21,64.48829650878906
2018-08-22,62.85163497924805
2018-08-23,62.65794372558594
2018-08-24,62.78384780883789
2018-08-27,63.607017517089844
2018-08-28,64.79820251464844
2018-08-29,65.2436752319336
2018-08-30,65.06935119628906
2018-08-31,65.35989379882812
2018-09-04,65.72789764404297
2018-09-05,66.2218017578125
2018-09-06,64.92410278320312
2018-09-07,64.7691421508789
2018-09-10,65.99906921386719
2018-09-11,66.79318237304688
2018-09-12,65.62137603759766
2018-09-13,66.26053619384766
2018-09-14,66.7350845336914
2018-09-17,67.0934066772461
2018-09-18,67.05465698242188
2018-09-19,67.48078155517578
2018-09-20,67.54856872558594
2018-09-21,67.8681411743164
2018-09-24,65.16620635986328
2018-09-25,64.06218719482422
2018-09-26,65.00157165527344
2018-09-27,66.80287170410156
2018-09-28,66.6866455078125
2018-10-01,65.62137603759766
2018-10-02,64.16870880126953
2018-10-03,64.58514404296875
2018-10-04,64.71102905273438
2018-10-05,63.99439239501953
2018-10-08,63.248695373535156
2018-10-09,60.63391876220703
2018-10-10,58.32902908325195
2018-10-11,57.92229080200195
2018-10-12,59.626739501953125
2018-10-15,59.90758514404297
2018-10-16,61.844459533691406
2018-10-17,62.4545783996582
2018-10-18,60.401493072509766
2018-10-19,60.604862213134766
2018-10-22,61.53456115722656
2018-10-23,61.00191879272461
2018-10-24,59.18125534057617
2018-10-25,61.0697135925293
2018-10-26,59.5298957824707
2018-10-29,59.074729919433594
2018-10-30,61.2440299987793
2018-10-31,59.481468200683594
2018-11-01,61.67982482910156
2018-11-02,61.86383056640625
2018-11-05,61.883201599121094
2018-11-06,62.56110382080078
2018-11-07,64.1009292602539
2018-11-08,63.636070251464844
2018-11-09,63.88786697387695
2018-11-12,63.68449783325195
2018-11-13,65.44705200195312
2018-11-14,65.08873748779297
2018-11-15,65.57294464111328
2018-11-16,65.84410095214844
2018-11-19,65.48410034179688
2018-11-20,65.2116470336914
2018-11-21,66.67115783691406
2018-11-23,67.53716278076172
2018-11-26,67.0409164428711
2018-11-27,68.84100341796875
2018-11-28,72.72335052490234
2018-11-29,70.97191619873047
2018-11-30,71.28327941894531
2018-12-03,70.87460327148438
2018-12-04,68.14042663574219
2018-12-06,67.73177337646484
2018-12-07,63.187774658203125
2018-12-10,61.76716613769531
2018-12-11,60.74549865722656
2018-12-12,60.34656524658203
2018-12-13,59.684906005859375
2018-12-14,60.61899948120117
2018-12-17,59.63625717163086
2018-12-18,60.96929168701172
2018-12-19,60.356285095214844
2018-12-20,59.0427131652832
2018-12-21,57.73887252807617
2018-12-24,56.026363372802734
2018-12-26,59.149749755859375
2018-12-27,59.101097106933594
2018-12-28,58.68269729614258
2018-12-31,59.208126068115234
2019-01-02,59.860050201416016
2019-01-03,56.551788330078125
2019-01-04,58.38106155395508
2019-01-07,58.497825622558594
2019-01-08,59.013526916503906
2019-01-09,60.50224304199219
2019-01-10,61.68932342529297
2019-01-11,62.409358978271484
2019-01-14,62.6234245300293
2019-01-15,62.54557800292969
2019-01-16,63.14884948730469
2019-01-17,62.681800842285156
2019-01-18,63.10993194580078
2019-01-22,62.234214782714844
2019-01-23,61.9909553527832
2019-01-24,64.00509643554688
2019-01-25,61.76716613769531
2019-01-28,62.78883361816406
2019-01-29,62.818016052246094
2019-01-30,62.91533660888672
2019-01-31,62.2244873046875
2019-02-01,62.6234245300293
2019-02-04,62.74018096923828
2019-02-05,62.9931640625
2019-02-06,63.07101058959961
2019-02-07,63.46995162963867
2019-02-08,63.50886917114258
2019-02-11,64.51107788085938
2019-02-12,64.89055633544922
2019-02-13,64.90028381347656
2019-02-14,64.77378845214844
2019-02-15,64.8716049194336
2019-02-19,63.1500358581543
2019-02-20,61.956687927246094
2019-02-21,61.48716735839844
2019-02-22,61.03721618652344
2019-02-25,61.37957000732422
2019-02-26,61.56542205810547
2019-02-27,60.62639236450195
2019-02-28,60.352500915527344
2019-03-01,59.97102355957031
2019-03-04,58.20055389404297
2019-03-05,56.51811218261719
2019-03-06,54.6107063293457
2019-03-07,54.72807693481445
2019-03-08,54.4052848815918
2019-03-11,54.20965576171875
2019-03-12,52.9087028503418
2019-03-13,54.80633544921875
2019-03-14,54.27812957763672
2019-03-15,54.542232513427734
2019-03-18,54.59113693237305
2019-03-19,54.88459014892578
2019-03-20,53.98468017578125
2019-03-21,54.0140266418457
2019-03-22,53.065208435058594
2019-03-25,52.429405212402344
2019-03-26,52.73263168334961
2019-03-27,53.78904724121094
2019-03-28,53.965110778808594
2019-03-29,54.89436721801758
2019-04-01,56.06816101074219
2019-04-02,56.87025451660156
2019-04-03,56.527896881103516
2019-04-04,56.5572395324707
2019-04-05,57.26151657104492
2019-04-08,57.05610275268555
2019-04-09,56.576805114746094
2019-04-10,57.49627685546875
2019-04-11,58.40596389770508
2019-04-12,59.30587387084961
2019-04-15,58.748321533203125
2019-04-16,59.63844680786133
2019-04-17,60.039493560791016
2019-04-18,60.323158264160156
2019-04-22,58.98307800292969
2019-04-23,59.56019592285156
2019-04-24,59.47216033935547
2019-04-25,57.87775421142578
2019-04-26,59.29608917236328
2019-04-29,59.217838287353516
2019-04-30,60.54813766479492
2019-05-01,60.71442413330078
2019-05-02,60.9785270690918
2019-05-03,61.1154670715332
2019-05-06,60.83180236816406
2019-05-07,59.75582504272461
2019-05-08,59.36456298828125
2019-05-09,58.98307800292969
2019-05-10,59.9318962097168
2019-05-13,58.81679153442383
2019-05-14,60.039493560791016
2019-05-15,60.147090911865234
2019-05-16,61.27197265625
2019-05-17,61.027435302734375
2019-05-20,60.93890380859375
2019-05-21,61.597965240478516
2019-05-22,59.689632415771484
2019-05-23,60.3585319519043
2019-05-24,59.601097106933594
2019-05-28,59.06991195678711
2019-05-29,58.302642822265625
2019-05-30,57.820640563964844
2019-05-31,57.25010681152344
2019-06-03,58.10590744018555
2019-06-04,59.86669158935547
2019-06-05,60.60445022583008
2019-06-06,59.95522689819336
2019-06-07,59.54207992553711
2019-06-10,59.65028381347656
2019-06-11,59.7683219909668
2019-06-12,59.96506118774414
2019-06-13,61.145477294921875
2019-06-14,62.089805603027344
2019-06-17,61.499603271484375
2019-06-18,61.912742614746094
2019-06-19,61.834049224853516
2019-06-20,59.728981018066406
2019-06-21,61.06678009033203
2019-06-24,61.4012336730957
2019-06-25,60.9290657043457
2019-06-26,60.899559020996094
2019-06-27,62.07997131347656
2019-06-28,62.866912841796875
2019-07-01,62.6701774597168
2019-07-02,62.06029510498047
2019-07-03,62.79805374145508
2019-07-05,63.0243034362793
2019-07-08,63.62434768676758
2019-07-09,62.65050506591797
2019-07-10,61.912742614746094
2019-07-11,62.27670669555664
2019-07-12,63.191524505615234
2019-07-15,62.325889587402344
2019-07-16,64.34243774414062
2019-07-17,62.73903274536133
2019-07-18,63.3095703125
2019-07-19,62.45376968383789
2019-07-22,61.84388732910156
2019-07-23,64.03749084472656
2019-07-24,64.49981689453125
2019-07-25,62.81772994995117
2019-07-26,63.86042404174805
2019-07-29,62.92593765258789
2019-07-30,62.96528625488281
2019-07-31,62.325889587402344
2019-08-01,62.10947799682617
2019-08-02,62.237361907958984
2019-08-05,60.51592254638672
2019-08-06,61.45042037963867
2019-08-07,62.07997131347656
2019-08-08,63.4767951965332
2019-08-09,62.88658905029297
2019-08-12,61.096290588378906
2019-08-13,60.171634674072266
2019-08-14,58.26329803466797
2019-08-15,58.056724548339844
2019-08-16,59.374855041503906
2019-08-19,59.94871139526367
2019-08-20,59.473793029785156
2019-08-21,59.176971435546875
2019-08-22,59.097816467285156
2019-08-23,57.31686782836914
2019-08-26,57.76210403442383
2019-08-27,57.396018981933594
2019-08-28,58.11829376220703
2019-08-29,59.325382232666016
2019-08-30,59.08792495727539
2019-09-03,59.790409088134766
2019-09-04,61.11622619628906
2019-09-05,62.719078063964844
2019-09-06,62.4222526550293
2019-09-09,64.08447265625
2019-09-10,64.30213928222656
2019-09-11,65.13325500488281
2019-09-12,64.9848403930664
2019-09-13,65.17283630371094
2019-09-16,63.97563934326172
2019-09-17,64.2328872680664
2019-09-18,64.2427749633789
2019-09-19,63.896480560302734
2019-09-20,64.31204223632812
2019-09-23,63.95584487915039
2019-09-24,63.96574401855469
2019-09-25,64.36151123046875
2019-09-26,63.88658905029297
2019-09-27,63.50071716308594
2019-09-30,64.22299194335938
2019-10-01,64.26256561279297
2019-10-02,62.05617141723633
2019-10-03,61.6406135559082
2019-10-04,62.837806701660156
2019-10-07,63.283042907714844
2019-10-08,62.51130294799805
2019-10-09,63.431461334228516
2019-10-10,64.19330596923828
2019-10-11,65.380615234375
2019-10-14,65.50923156738281
2019-10-15,66.61737823486328
2019-10-16,66.12267303466797
2019-10-17,66.27108764648438
2019-10-18,66.13256072998047
2019-10-21,68.30928039550781
2019-10-22,68.45769500732422
2019-10-23,68.18065643310547
2019-10-24,68.0322494506836
2019-10-25,70.8125
2019-10-28,69.33827209472656
2019-10-29,69.02165985107422
2019-10-30,69.63509368896484
2019-10-31,68.69515228271484
2019-11-01,69.40753173828125
2019-11-04,69.8824462890625
2019-11-05,70.62451171875
2019-11-06,70.6146240234375
2019-11-07,70.17927551269531
2019-11-08,70.41673278808594
2019-11-11,71.14891052246094
2019-11-12,70.09022521972656
2019-11-13,69.77361297607422
2019-11-14,69.66477966308594
2019-11-15,69.63509368896484
2019-11-18,69.66492462158203
2019-11-19,69.67487335205078
2019-11-20,68.05406188964844
2019-11-21,67.61654663085938
2019-11-22,68.37226104736328
2019-11-25,68.40209197998047
2019-11-26,69.04842376708984
2019-11-27,68.77994537353516
2019-11-29,68.620849609375
2019-12-02,67.72592163085938
2019-12-03,66.23438262939453
2019-12-04,66.54263305664062
2019-12-05,66.9105453491211
2019-12-06,67.93473815917969
2019-12-09,67.60659790039062
2019-12-10,66.86082458496094
2019-12-11,66.3636474609375
2019-12-12,67.30829620361328
2019-12-13,67.02987670898438
2019-12-16,68.61090087890625
2019-12-17,69.66492462158203
2019-12-18,68.64073181152344
2019-12-19,68.80977630615234
2019-12-20,68.94898223876953
2019-12-23,68.8992691040039
2019-12-24,68.70039367675781
2019-12-26,68.68051147460938
2019-12-27,67.9049072265625
2019-12-30,67.29834747314453
2019-12-31,67.36795043945312
2020-01-02,67.78558349609375
2020-01-03,66.54263305664062
2020-01-06,66.22443389892578
2020-01-07,65.80680847167969
2020-01-08,66.125
2020-01-09,65.99573516845703
2020-01-10,65.51844024658203
2020-01-13,65.4985580444336
2020-01-14,65.80680847167969
2020-01-15,66.21449279785156
2020-01-16,66.16477966308594
2020-01-17,66.24432373046875
2020-01-21,64.6235122680664
2020-01-22,65.22013092041016
2020-01-23,66.8011703491211
2020-01-24,66.34376525878906
2020-01-27,64.97154235839844
2020-01-28,65.17041778564453
2020-01-29,66.51280212402344
2020-01-30,65.63776397705078
2020-01-31,64.22576904296875
2020-02-03,64.28543853759766
2020-02-04,65.39911651611328
2020-02-05,65.95596313476562
2020-02-06,63.65898132324219
2020-02-07,63.59932327270508
2020-02-10,64.0666732788086
2020-02-11,64.18599700927734
2020-02-12,65.17041778564453
2020-02-13,66.125
2020-02-14,66.11000061035156
2020-02-18,65.48999786376953
2020-02-19,65.16999816894531
2020-02-20,65.36000061035156
2020-02-21,65.43000030517578
2020-02-24,63.0099983215332
2020-02-25,58.810001373291016
2020-02-26,57.369998931884766
2020-02-27,52.959999084472656
2020-02-28,50.459999084472656
2020-03-02,50.029998779296875
2020-03-03,47.369998931884766
2020-03-04,49.689998626708984
2020-03-05,43.459999084472656
2020-03-06,45.209999084472656
2020-03-09,43.189998626708984
2020-03-10,46.779998779296875
2020-03-11,45.70000076293945
2020-03-12,35.08000183105469
2020-03-13,37.95000076293945
2020-03-16,32.529998779296875
2020-03-17,32.529998779296875
2020-03-18,25.1299991607666
2020-03-19,24.18000030517578
2020-03-20,23.559999465942383
2020-03-23,24.030000686645508
2020-03-24,28.90999984741211
2020-03-25,29.84000015258789
2020-03-26,32.4900016784668
2020-03-27,29.8700008392334
2020-03-30,28.329999923706055
2020-03-31,28.469999313354492
2020-04-01,26.350000381469727
2020-04-02,24.65999984741211
2020-04-03,24.690000534057617
2020-04-06,26.670000076293945
2020-04-07,29.030000686645508
2020-04-08,29.139999389648438
2020-04-09,31.610000610351562
2020-04-13,29.510000228881836
2020-04-14,31.049999237060547
2020-04-15,30.079999923706055
2020-04-16,28.260000228881836
2020-04-17,29.93000030517578
2020-04-20,29.229999542236328
2020-04-21,28.290000915527344
2020-04-22,27.530000686645508
2020-04-23,28.200000762939453
2020-04-24,28.010000228881836
2020-04-27,27.850000381469727
2020-04-28,31.579999923706055
2020-04-29,34.0
2020-04-30,32.52000045776367
2020-05-01,30.110000610351562
2020-05-04,28.770000457763672
2020-05-05,28.969999313354492
2020-05-06,27.829999923706055
2020-05-07,28.25
2020-05-08,30.0
2020-05-11,28.360000610351562
2020-05-12,26.850000381469727
2020-05-13,25.520000457763672
2020-05-14,26.139999389648438
2020-05-15,25.6299991607666
2020-05-18,29.049999237060547
2020-05-19,28.65999984741211
2020-05-20,30.260000228881836
2020-05-21,31.84000015258789
2020-05-22,31.020000457763672
2020-05-26,35.029998779296875
2020-05-27,35.7400016784668
2020-05-28,34.459999084472656
2020-05-29,34.189998626708984
2020-06-01,36.11000061035156
2020-06-02,36.20000076293945
2020-06-03,39.29999923706055
2020-06-04,42.31999969482422
2020-06-05,42.720001220703125
2020-06-08,50.2400016784668
2020-06-09,46.099998474121094
2020-06-10,41.47999954223633
2020-06-11,35.59000015258789
2020-06-12,38.470001220703125
2020-06-15,37.77000045776367
2020-06-16,38.209999084472656
2020-06-17,37.40999984741211
2020-06-18,37.45000076293945
2020-06-19,36.290000915527344
2020-06-22,36.470001220703125
2020-06-23,36.83000183105469
2020-06-24,34.38999938964844
2020-06-25,35.47999954223633
2020-06-26,34.29999923706055
2020-06-29,36.90999984741211
2020-06-30,36.2599983215332
2020-07-01,35.70000076293945
2020-07-02,36.4900016784668
2020-07-06,37.08000183105469
2020-07-07,36.099998474121094
2020-07-08,36.2599983215332
2020-07-09,34.439998626708984
2020-07-10,35.72999954223633
2020-07-13,34.880001068115234
2020-07-14,35.4900016784668
2020-07-15,38.7599983215332
2020-07-16,37.279998779296875
2020-07-17,37.0
2020-07-20,35.88999938964844
2020-07-21,36.20000076293945
2020-07-22,36.29999923706055
2020-07-23,36.66999816894531
2020-07-24,35.060001373291016
2020-07-27,34.150001525878906
2020-07-28,35.0
2020-07-29,34.7599983215332
2020-07-30,34.65999984741211
2020-07-31,34.439998626708984
2020-08-03,34.0
2020-08-04,34.29999923706055
2020-08-05,35.7599983215332
2020-08-06,36.41999816894531
2020-08-07,36.61000061035156
2020-08-10,39.25
2020-08-11,38.97999954223633
2020-08-12,38.459999084472656
2020-08-13,37.790000915527344
2020-08-14,37.68000030517578
2020-08-17,36.2599983215332
2020-08-18,36.189998626708984
2020-08-19,35.849998474121094
2020-08-20,35.77000045776367
2020-08-21,35.43000030517578
2020-08-24,37.52000045776367
2020-08-25,37.709999084472656
2020-08-26,36.689998626708984
2020-08-27,38.5
2020-08-28,40.72999954223633
2020-08-31,38.95000076293945
2020-09-01,39.150001525878906
2020-09-02,40.470001220703125
2020-09-03,40.38999938964844
2020-09-04,40.81999969482422
2020-09-08,41.599998474121094
2020-09-09,40.66999816894531
2020-09-10,40.88999938964844
2020-09-11,40.33000183105469
2020-09-14,41.5099983215332
2020-09-15,42.18000030517578
2020-09-16,43.119998931884766
2020-09-17,42.150001525878906
2020-09-18,41.040000915527344
2020-09-21,37.63999938964844
2020-09-22,37.880001068115234
2020-09-23,36.86000061035156
2020-09-24,35.70000076293945
2020-09-25,36.70000076293945
2020-09-28,37.540000915527344
2020-09-29,36.66999816894531
2020-09-30,36.630001068115234
2020-10-01,36.90999984741211
2020-10-02,37.52000045776367
2020-10-05,37.56999969482422
2020-10-06,36.09000015258789
2020-10-07,37.02000045776367
2020-10-08,38.630001068115234
2020-10-09,38.689998626708984
2020-10-12,38.40999984741211
2020-10-13,38.0
2020-10-14,38.54999923706055
2020-10-15,38.029998779296875
2020-10-16,39.349998474121094
2020-10-19,39.58000183105469
2020-10-20,39.93000030517578
2020-10-21,39.689998626708984
2020-10-22,40.59000015258789
2020-10-23,41.56999969482422
2020-10-26,38.58000183105469
2020-10-27,37.470001220703125
2020-10-28,35.709999084472656
2020-10-29,36.779998779296875
2020-10-30,37.88999938964844
2020-11-02,38.27000045776367
2020-11-03,38.560001373291016
2020-11-04,37.79999923706055
2020-11-05,39.18000030517578
2020-11-06,38.2599983215332
2020-11-09,45.90999984741211
2020-11-10,45.52000045776367
2020-11-11,44.34000015258789
2020-11-12,42.40999984741211
2020-11-13,44.65999984741211
2020-11-16,47.15999984741211
2020-11-17,47.459999084472656
2020-11-18,47.720001220703125
2020-11-19,48.4900016784668
2020-11-20,47.720001220703125
2020-11-23,49.720001220703125
2020-11-24,52.369998931884766
2020-11-25,52.470001220703125
2020-11-27,51.54999923706055
2020-11-30,50.970001220703125
2020-12-01,50.939998626708984
2020-12-02,51.290000915527344
2020-12-03,53.0099983215332
2020-12-04,52.939998626708984
2020-12-07,51.0099983215332
2020-12-08,50.970001220703125
2020-12-09,50.36000061035156
2020-12-10,51.290000915527344
2020-12-11,49.880001068115234
2020-12-14,48.93000030517578
2020-12-15,50.33000183105469
2020-12-16,49.75
2020-12-17,50.16999816894531
2020-12-18,50.349998474121094
2020-12-21,50.220001220703125
2020-12-22,50.349998474121094
2020-12-23,51.84000015258789
2020-12-24,52.25
2020-12-28,52.58000183105469
2020-12-29,52.029998779296875
2020-12-30,52.900001525878906
2020-12-31,52.0
2021-01-04,49.2400016784668
2021-01-05,49.86000061035156
2021-01-06,51.52000045776367
2021-01-07,51.31999969482422
2021-01-08,50.97999954223633
2021-01-11,50.150001525878906
2021-01-12,51.689998626708984
2021-01-13,51.849998474121094
2021-01-14,55.41999816894531
2021-01-15,53.650001525878906
2021-01-19,54.709999084472656
2021-01-20,55.810001373291016
2021-01-21,54.959999084472656
2021-01-22,54.470001220703125
2021-01-25,52.900001525878906
2021-01-26,51.83000183105469
2021-01-27,48.849998474121094
2021-01-28,50.66999816894531
2021-01-29,48.83000183105469
2021-02-01,49.88999938964844
2021-02-02,50.65999984741211
2021-02-03,52.540000915527344
2021-02-04,54.47999954223633
2021-02-05,54.18000030517578
2021-02-08,57.08000183105469
2021-02-09,55.7400016784668
2021-02-10,57.36000061035156
2021-02-11,57.689998626708984
2021-02-12,57.560001373291016
2021-02-16,59.939998626708984
2021-02-17,59.9900016784668
2021-02-18,59.900001525878906
2021-02-19,62.279998779296875
2021-02-22,63.61000061035156
2021-02-23,66.5199966430664
2021-02-24,67.44999694824219
2021-02-25,65.55999755859375
2021-02-26,65.0199966430664
2021-03-01,64.83000183105469
2021-03-02,65.41999816894531
2021-03-03,65.95999908447266
2021-03-04,64.62000274658203
2021-03-05,64.88999938964844
2021-03-08,67.98999786376953
2021-03-09,66.88999938964844
2021-03-10,66.38999938964844
2021-03-11,65.69000244140625
2021-03-12,68.0199966430664
2021-03-15,71.9800033569336
2021-03-16,70.5999984741211
2021-03-17,73.19999694824219
2021-03-18,70.58999633789062
2021-03-19,70.77999877929688
2021-03-22,68.55999755859375
2021-03-23,65.66000366210938
2021-03-24,65.41999816894531
2021-03-25,67.75
2021-03-26,68.31999969482422
2021-03-29,67.5
2021-03-30,69.94000244140625
2021-03-31,69.20999908447266
2021-04-01,69.48999786376953
2021-04-05,71.08999633789062
2021-04-06,73.73999786376953
2021-04-07,72.36000061035156
2021-04-08,72.69000244140625
2021-04-09,72.62999725341797
2021-04-12,71.30000305175781
2021-04-13,70.22000122070312
2021-04-14,70.56999969482422
2021-04-15,69.43000030517578
2021-04-16,69.33000183105469
2021-04-19,68.7699966430664
2021-04-20,66.9000015258789
2021-04-21,68.83000183105469
2021-04-22,66.95999908447266
2021-04-23,69.20999908447266
2021-04-26,69.4800033569336
2021-04-27,69.08000183105469
2021-04-28,68.6500015258789
2021-04-29,68.56999969482422
2021-04-30,69.13999938964844
2021-05-03,68.69000244140625
2021-05-04,66.55999755859375
2021-05-05,66.91000366210938
2021-05-06,67.04000091552734
2021-05-07,67.9000015258789
2021-05-10,67.08999633789062
2021-05-11,65.54000091552734
2021-05-12,64.7699966430664
2021-05-13,67.16000366210938
2021-05-14,69.83999633789062
2021-05-17,71.66999816894531
2021-05-18,70.29000091552734
2021-05-19,69.33000183105469
2021-05-20,68.43000030517578
2021-05-21,68.06999969482422
2021-05-24,69.25
2021-05-25,68.25
2021-05-26,69.63999938964844
2021-05-27,70.43000030517578
2021-05-28,69.19999694824219
2021-06-01,69.54000091552734
2021-06-02,67.83999633789062
2021-06-03,65.45999908447266
2021-06-04,65.44999694824219
2021-06-07,65.55999755859375
2021-06-08,66.30000305175781
2021-06-09,65.62000274658203
2021-06-10,64.9000015258789
2021-06-11,65.4800033569336
2021-06-14,64.44999694824219
2021-06-15,64.33000183105469
2021-06-16,63.93000030517578
2021-06-17,62.63999938964844
2021-06-18,63.310001373291016
2021-06-21,65.0199966430664
2021-06-22,64.20999908447266
2021-06-23,63.779998779296875
2021-06-24,63.54999923706055
2021-06-25,63.27000045776367
2021-06-28,61.45000076293945
2021-06-29,60.130001068115234
2021-06-30,60.310001373291016
2021-07-01,61.43000030517578
2021-07-02,60.709999084472656
2021-07-06,59.189998626708984
2021-07-07,57.619998931884766
2021-07-08,57.779998779296875
2021-07-09,59.380001068115234
2021-07-12,59.66999816894531
2021-07-13,57.619998931884766
2021-07-14,57.54999923706055
2021-07-15,56.90999984741211
2021-07-16,54.619998931884766
2021-07-19,52.83000183105469
2021-07-20,55.47999954223633
2021-07-21,57.59000015258789
2021-07-22,57.97999954223633
2021-07-23,58.25
2021-07-26,60.560001373291016
2021-07-27,59.31999969482422
2021-07-28,59.65999984741211
2021-07-29,58.849998474121094
2021-07-30,58.029998779296875
2021-08-02,56.709999084472656
2021-08-03,57.189998626708984
2021-08-04,55.2400016784668
2021-08-05,57.560001373291016
2021-08-06,57.869998931884766
2021-08-09,56.86000061035156
2021-08-10,58.470001220703125
2021-08-11,59.45000076293945
2021-08-12,58.56999969482422
2021-08-13,57.619998931884766
2021-08-16,57.36000061035156
2021-08-17,55.2400016784668
2021-08-18,54.88999938964844
2021-08-19,53.97999954223633
2021-08-20,54.349998474121094
2021-08-23,55.150001525878906
2021-08-24,57.119998931884766
2021-08-25,57.65999984741211
2021-08-26,57.18000030517578
2021-08-27,58.220001220703125
2021-08-30,56.709999084472656
2021-08-31,57.34000015258789
2021-09-01,57.22999954223633
2021-09-02,57.84000015258789
2021-09-03,57.11000061035156
2021-09-07,57.13999938964844
2021-09-08,56.38999938964844
2021-09-09,58.20000076293945
2021-09-10,56.09000015258789
2021-09-13,57.15999984741211
2021-09-14,56.29999923706055
2021-09-15,56.34000015258789
2021-09-16,57.02000045776367
2021-09-17,56.91999816894531
2021-09-20,56.959999084472656
2021-09-21,56.11000061035156
2021-09-22,57.45000076293945
2021-09-23,59.79999923706055
2021-09-24,60.790000915527344
2021-09-27,61.25
2021-09-28,61.220001220703125
2021-09-29,60.45000076293945
2021-09-30,58.599998474121094
2021-10-01,62.20000076293945
2021-10-04,62.09000015258789
2021-10-05,61.599998474121094
2021-10-06,61.04999923706055
2021-10-07,60.2400016784668
2021-10-08,59.79999923706055
2021-10-11,58.459999084472656
2021-10-12,58.43000030517578
2021-10-13,57.040000915527344
2021-10-14,57.52000045776367
2021-10-15,57.77000045776367
2021-10-18,57.41999816894531
2021-10-19,56.939998626708984
2021-10-20,57.25
2021-10-21,56.20000076293945
2021-10-22,53.810001373291016
2021-10-25,53.939998626708984
2021-10-26,54.27000045776367
2021-10-27,52.709999084472656
2021-10-28,52.86000061035156
2021-10-29,52.79999923706055
2021-11-01,54.709999084472656
2021-11-02,54.45000076293945
2021-11-03,55.93000030517578
2021-11-04,55.72999954223633
2021-11-05,59.349998474121094
2021-11-08,58.880001068115234
2021-11-09,58.83000183105469
2021-11-10,57.540000915527344
2021-11-11,56.810001373291016
2021-11-12,55.650001525878906
2021-11-15,55.66999816894531
2021-11-16,53.88999938964844
2021-11-17,53.540000915527344
2021-11-18,52.540000915527344
2021-11-19,52.7400016784668
2021-11-22,53.08000183105469
2021-11-23,52.72999954223633
2021-11-24,52.90999984741211
2021-11-26,49.45000076293945
2021-11-29,49.45000076293945
2021-11-30,48.56999969482422
2021-12-01,46.290000915527344
2021-12-02,49.52000045776367
2021-12-03,48.56999969482422
2021-12-06,50.619998931884766
2021-12-07,50.349998474121094
2021-12-08,51.43000030517578
2021-12-09,51.41999816894531
2021-12-10,51.66999816894531
2021-12-13,50.29999923706055
2021-12-14,50.13999938964844
2021-12-15,50.27000045776367
2021-12-16,49.220001220703125
2021-12-17,50.029998779296875
2021-12-20,49.34000015258789
2021-12-21,52.06999969482422
2021-12-22,52.189998626708984
2021-12-23,53.02000045776367
2021-12-27,52.619998931884766
2021-12-28,52.900001525878906
2021-12-29,52.13999938964844
2021-12-30,51.939998626708984
2021-12-31,52.099998474121094
2022-01-03,54.06999969482422
2022-01-04,55.45000076293945
2022-01-05,54.77000045776367
2022-01-06,54.459999084472656
2022-01-07,55.86000061035156
2022-01-10,55.099998474121094
2022-01-11,55.9900016784668
2022-01-12,55.150001525878906
2022-01-13,56.54999923706055
2022-01-14,55.790000915527344
2022-01-18,54.97999954223633
2022-01-19,54.369998931884766
2022-01-20,53.810001373291016
2022-01-21,52.02000045776367
2022-01-24,51.400001525878906
2022-01-25,52.189998626708984
2022-01-26,52.310001373291016
2022-01-27,52.599998474121094
2022-01-28,52.25
2022-01-31,54.7400016784668
2022-02-01,54.810001373291016
2022-02-02,54.349998474121094
2022-02-03,53.2400016784668
2022-02-04,53.4900016784668
2022-02-07,55.36000061035156
2022-02-08,57.650001525878906
2022-02-09,58.59000015258789
2022-02-10,58.619998931884766
2022-02-11,56.84000015258789
2022-02-14,57.0099983215332
2022-02-15,59.90999984741211
2022-02-16,60.310001373291016
2022-02-17,58.88999938964844
2022-02-18,58.790000915527344
2022-02-22,57.83000183105469
2022-02-23,55.81999969482422
2022-02-24,56.20000076293945
2022-02-25,57.56999969482422
2022-02-28,56.13999938964844
2022-03-01,52.34000015258789
2022-03-02,52.619998931884766
2022-03-03,51.41999816894531
2022-03-04,49.13999938964844
2022-03-07,43.689998626708984
2022-03-08,46.66999816894531
2022-03-09,48.630001068115234
2022-03-10,49.150001525878906
2022-03-11,48.81999969482422
2022-03-14,49.599998474121094
2022-03-15,51.7400016784668
2022-03-16,54.689998626708984
2022-03-17,54.31999969482422
2022-03-18,55.189998626708984
2022-03-21,53.7400016784668
2022-03-22,54.529998779296875
2022-03-23,54.119998931884766
2022-03-24,55.939998626708984
2022-03-25,57.439998626708984
2022-03-28,57.189998626708984
2022-03-29,58.38999938964844
2022-03-30,58.0099983215332
2022-03-31,58.0099983215332
2022-04-01,57.95000076293945
2022-04-04,57.15999984741211
2022-04-05,56.869998931884766
2022-04-06,55.040000915527344
2022-04-07,53.400001525878906
2022-04-08,52.290000915527344
2022-04-11,52.81999969482422
2022-04-12,53.45000076293945
2022-04-13,56.2400016784668
2022-04-14,57.11000061035156
2022-04-18,56.849998474121094
2022-04-19,58.27000045776367
2022-04-20,58.689998626708984
2022-04-21,58.779998779296875
2022-04-22,56.54999923706055
2022-04-25,56.439998626708984
2022-04-26,53.86000061035156
2022-04-27,54.290000915527344
2022-04-28,55.540000915527344
2022-04-29,54.38999938964844
2022-05-02,53.060001373291016
2022-05-03,53.060001373291016
2022-05-04,53.5
2022-05-05,51.13999938964844
2022-05-06,50.220001220703125
2022-05-09,47.27000045776367
2022-05-10,47.470001220703125
2022-05-11,45.810001373291016
2022-05-12,44.61000061035156
2022-05-13,46.150001525878906
2022-05-16,45.599998474121094
2022-05-17,48.02000045776367
2022-05-18,46.58000183105469
2022-05-19,46.7599983215332
2022-05-20,46.099998474121094
2022-05-23,46.459999084472656
2022-05-24,44.209999084472656
2022-05-25,45.15999984741211
2022-05-26,47.130001068115234
2022-05-27,48.43000030517578
2022-05-31,48.2599983215332
2022-06-01,46.56999969482422
2022-06-02,47.38999938964844
2022-06-03,48.880001068115234
2022-06-06,48.849998474121094
2022-06-07,49.33000183105469
2022-06-08,48.11000061035156
2022-06-09,46.06999969482422
2022-06-10,44.0
2022-06-13,40.93000030517578
2022-06-14,40.599998474121094
2022-06-15,41.18000030517578
2022-06-16,38.68000030517578
2022-06-17,40.41999816894531
2022-06-21,40.5099983215332
2022-06-22,40.369998931884766
2022-06-23,39.900001525878906
2022-06-24,41.91999816894531
2022-06-27,40.869998931884766
2022-06-28,40.779998779296875
2022-06-29,40.47999954223633
2022-06-30,40.04999923706055
2022-07-01,41.16999816894531
2022-07-05,41.540000915527344
2022-07-06,41.06999969482422
2022-07-07,40.970001220703125
2022-07-08,40.88999938964844
2022-07-11,40.34000015258789
2022-07-12,41.79999923706055
2022-07-13,41.2599983215332
2022-07-14,40.790000915527344
2022-07-15,41.310001373291016
2022-07-18,41.529998779296875
2022-07-19,42.790000915527344
2022-07-20,43.400001525878906
2022-07-21,43.189998626708984
2022-07-22,42.75
2022-07-25,43.7400016784668
2022-07-26,42.400001525878906
2022-07-27,43.790000915527344
2022-07-28,44.0099983215332
2022-07-29,44.33000183105469
2022-08-01,45.2400016784668
2022-08-02,44.5
2022-08-03,46.29999923706055
2022-08-04,46.91999816894531
2022-08-05,46.54999923706055
2022-08-08,46.79999923706055
2022-08-09,45.72999954223633
2022-08-10,46.61000061035156
2022-08-11,46.22999954223633
2022-08-12,47.34000015258789
2022-08-15,48.45000076293945
2022-08-16,48.2400016784668
2022-08-17,46.63999938964844
2022-08-18,46.689998626708984
2022-08-19,45.45000076293945
2022-08-22,44.189998626708984
2022-08-23,44.5
2022-08-24,45.40999984741211
2022-08-25,46.20000076293945
2022-08-26,44.88999938964844
2022-08-29,44.63999938964844
2022-08-30,44.869998931884766
2022-08-31,43.560001373291016
2022-09-01,43.689998626708984
2022-09-02,43.619998931884766
2022-09-06,43.900001525878906
2022-09-07,46.09000015258789
2022-09-08,45.689998626708984
2022-09-09,46.560001373291016
2022-09-12,46.81999969482422
2022-09-13,44.939998626708984
2022-09-14,45.959999084472656
2022-09-15,46.2599983215332
2022-09-16,44.380001068115234
2022-09-19,45.779998779296875
2022-09-20,45.33000183105469
2022-09-21,43.4900016784668
2022-09-22,41.880001068115234
2022-09-23,40.779998779296875
2022-09-26,38.810001373291016
2022-09-27,39.04999923706055
2022-09-28,40.349998474121094
2022-09-29,39.13999938964844
2022-09-30,39.150001525878906
2022-10-03,39.90999984741211
2022-10-04,42.650001525878906
2022-10-05,42.65999984741211
2022-10-06,42.459999084472656
2022-10-07,41.4900016784668
2022-10-10,41.18000030517578
2022-10-11,40.7400016784668
2022-10-12,41.209999084472656
2022-10-13,41.900001525878906
2022-10-14,41.83000183105469
2022-10-17,41.529998779296875
2022-10-18,42.34000015258789
2022-10-19,41.849998474121094
2022-10-20,39.880001068115234
2022-10-21,41.0099983215332
2022-10-24,42.58000183105469
2022-10-25,43.40999984741211
2022-10-26,42.86000061035156
2022-10-27,43.27000045776367
2022-10-28,44.43000030517578
2022-10-31,44.459999084472656
2022-11-01,44.52000045776367
2022-11-02,43.560001373291016
2022-11-03,43.84000015258789
2022-11-04,44.86000061035156
2022-11-07,45.040000915527344
2022-11-08,45.119998931884766
2022-11-09,44.2400016784668
2022-11-10,46.939998626708984
2022-11-11,47.25
2022-11-14,46.27000045776367
2022-11-15,46.849998474121094
2022-11-16,45.68000030517578
2022-11-17,45.880001068115234
2022-11-18,46.68000030517578
2022-11-21,46.29999923706055
2022-11-22,45.959999084472656
2022-11-23,46.34000015258789
2022-11-25,46.900001525878906
2022-11-28,45.779998779296875
2022-11-29,46.630001068115234
2022-11-30,47.439998626708984
2022-12-01,47.40999984741211
2022-12-02,46.70000076293945
2022-12-05,46.709999084472656
2022-12-06,46.29999923706055
2022-12-07,44.279998779296875
2022-12-08,44.060001373291016
2022-12-09,44.560001373291016
2022-12-12,45.75
2022-12-13,45.279998779296875
2022-12-14,45.7400016784668
2022-12-15,43.72999954223633
2022-12-16,44.220001220703125
2022-12-19,42.900001525878906
2022-12-20,43.06999969482422
2022-12-21,43.86000061035156
2022-12-22,42.880001068115234
2022-12-23,43.310001373291016
2022-12-27,42.2599983215332
2022-12-28,41.29999923706055
2022-12-29,42.810001373291016
2022-12-30,42.939998626708984
2023-01-03,42.15999984741211
2023-01-04,44.29999923706055
2023-01-05,44.11000061035156
2023-01-06,45.279998779296875
2023-01-09,45.720001220703125
2023-01-10,47.29999923706055
2023-01-11,47.70000076293945
2023-01-12,49.400001525878906
2023-01-13,50.290000915527344
2023-01-17,50.29999923706055
2023-01-18,49.310001373291016
2023-01-19,49.400001525878906
2023-01-20,49.81999969482422
2023-01-23,50.099998474121094
2023-01-24,49.72999954223633
2023-01-25,51.04999923706055
2023-01-26,51.31999969482422
2023-01-27,51.02000045776367
2023-01-30,50.15999984741211
2023-01-31,51.34000015258789
2023-02-01,51.84000015258789
2023-02-02,53.58000183105469
2023-02-03,53.470001220703125
2023-02-06,52.43000030517578
2023-02-07,51.79999923706055
2023-02-08,51.4900016784668
2023-02-09,50.7599983215332
2023-02-10,49.58000183105469
2023-02-13,50.15999984741211
2023-02-14,50.58000183105469
2023-02-15,50.27000045776367
2023-02-16,49.119998931884766
2023-02-17,49.09000015258789
2023-02-21,47.779998779296875
2023-02-22,47.52000045776367
2023-02-23,47.709999084472656
2023-02-24,47.29999923706055
2023-02-27,47.91999816894531
2023-02-28,47.83000183105469
2023-03-01,48.220001220703125
2023-03-02,47.97999954223633
2023-03-03,48.439998626708984
2023-03-06,47.900001525878906
2023-03-07,48.5099983215332
2023-03-08,49.209999084472656
2023-03-09,47.52000045776367
2023-03-10,46.099998474121094
2023-03-13,44.08000183105469
2023-03-14,42.2599983215332
2023-03-15,40.380001068115234
2023-03-16,40.47999954223633
2023-03-17,39.290000915527344
2023-03-20,39.27000045776367
2023-03-21,40.560001373291016
2023-03-22,39.400001525878906
2023-03-23,38.5
2023-03-24,38.130001068115234
2023-03-27,38.9900016784668
2023-03-28,39.810001373291016
2023-03-29,40.630001068115234
2023-03-30,40.97999954223633
2023-03-31,41.959999084472656
2023-04-03,42.09000015258789
2023-04-04,41.970001220703125
2023-04-05,41.95000076293945
2023-04-06,42.040000915527344
2023-04-10,42.43000030517578
2023-04-11,43.18000030517578
2023-04-12,41.97999954223633
2023-04-13,42.380001068115234
2023-04-14,41.90999984741211
2023-04-17,42.63999938964844
2023-04-18,42.54999923706055
2023-04-19,43.650001525878906
2023-04-20,43.560001373291016
2023-04-21,44.40999984741211
2023-04-24,44.04999923706055
2023-04-25,42.5
2023-04-26,42.2400016784668
2023-04-27,42.970001220703125
2023-04-28,43.459999084472656
2023-05-01,43.4900016784668
2023-05-02,43.369998931884766
2023-05-03,43.470001220703125
2023-05-04,42.09000015258789
2023-05-05,43.15999984741211
2023-05-08,43.459999084472656
2023-05-09,43.900001525878906
2023-05-10,43.11000061035156
2023-05-11,43.04999923706055
2023-05-12,42.720001220703125
2023-05-15,43.34000015258789
2023-05-16,42.63999938964844
2023-05-17,45.25
2023-05-18,45.119998931884766
2023-05-19,44.52000045776367
2023-05-22,44.91999816894531
2023-05-23,44.83000183105469
2023-05-24,44.029998779296875
2023-05-25,45.119998931884766
2023-05-26,45.099998474121094
2023-05-30,45.209999084472656
2023-05-31,44.93000030517578
2023-06-01,44.84000015258789
2023-06-02,46.099998474121094
2023-06-05,46.279998779296875
2023-06-06,47.459999084472656
2023-06-07,48.36000061035156
2023-06-08,48.650001525878906
2023-06-09,48.650001525878906
2023-06-12,49.58000183105469
2023-06-13,50.81999969482422
2023-06-14,50.439998626708984
2023-06-15,50.34000015258789
2023-06-16,50.41999816894531
2023-06-20,49.5099983215332
2023-06-21,49.58000183105469
2023-06-22,49.66999816894531
2023-06-23,49.25
2023-06-26,49.959999084472656
2023-06-27,51.93000030517578
2023-06-28,52.439998626708984
2023-06-29,52.27000045776367
2023-06-30,53.18000030517578
2023-07-03,53.189998626708984
2023-07-05,53.650001525878906
2023-07-06,52.790000915527344
2023-07-07,53.75
2023-07-10,55.54999923706055
2023-07-11,56.34000015258789
2023-07-12,55.9900016784668
2023-07-13,54.34000015258789
2023-07-14,52.36000061035156
2023-07-17,52.15999984741211
2023-07-18,53.41999816894531
2023-07-19,54.43000030517578
2023-07-20,54.08000183105469
2023-07-21,54.150001525878906
2023-07-24,53.33000183105469
2023-07-25,48.18000030517578
2023-07-26,47.86000061035156
2023-07-27,47.13999938964844
2023-07-28,48.119998931884766
2023-07-31,48.630001068115234
2023-08-01,47.900001525878906
2023-08-02,47.91999816894531
2023-08-03,46.810001373291016
2023-08-04,46.7400016784668
2023-08-07,46.790000915527344
2023-08-08,47.20000076293945
2023-08-09,46.61000061035156
2023-08-10,46.709999084472656
2023-08-11,46.08000183105469
2023-08-14,46.2400016784668
2023-08-15,45.40999984741211
2023-08-16,44.59000015258789
2023-08-17,43.459999084472656
2023-08-18,42.77000045776367
2023-08-21,42.95000076293945
2023-08-22,42.72999954223633
2023-08-23,42.650001525878906
2023-08-24,42.119998931884766
2023-08-25,41.81999969482422
2023-08-28,41.9900016784668
2023-08-29,42.29999923706055
2023-08-30,42.08000183105469
2023-08-31,41.970001220703125
2023-09-01,41.779998779296875
2023-09-05,40.34000015258789
2023-09-06,40.540000915527344
2023-09-07,40.02000045776367
2023-09-08,39.810001373291016
2023-09-11,40.43000030517578
2023-09-12,40.11000061035156
2023-09-13,39.130001068115234
2023-09-14,39.36000061035156
2023-09-15,39.470001220703125
2023-09-18,38.880001068115234
2023-09-19,39.08000183105469
2023-09-20,38.61000061035156
2023-09-21,38.150001525878906
2023-09-22,37.5
2023-09-25,37.36000061035156
2023-09-26,36.84000015258789
2023-09-27,36.40999984741211
2023-09-28,36.83000183105469
2023-09-29,37.08000183105469
2023-10-02,36.83000183105469
2023-10-03,35.79999923706055
2023-10-04,36.130001068115234
2023-10-05,35.68000030517578
2023-10-06,35.06999969482422
2023-10-09,34.45000076293945
2023-10-10,34.93000030517578
2023-10-11,34.54999923706055
2023-10-12,33.63999938964844
2023-10-13,33.06999969482422
2023-10-16,34.29999923706055
2023-10-17,34.45000076293945
2023-10-18,32.65999984741211
2023-10-19,32.15999984741211
2023-10-20,32.02000045776367
2023-10-23,32.560001373291016
2023-10-24,31.860000610351562
2023-10-25,31.6200008392334
2023-10-26,31.770000457763672
2023-10-27,31.25
2023-10-30,31.799999237060547
2023-10-31,31.6299991607666
2023-11-01,31.079999923706055
2023-11-02,32.119998931884766
2023-11-03,33.560001373291016
2023-11-06,32.84000015258789
2023-11-07,33.15999984741211
2023-11-08,33.91999816894531
2023-11-09,33.5
2023-11-10,34.2599983215332
2023-11-13,34.349998474121094
2023-11-14,36.09000015258789
2023-11-15,37.0099983215332
2023-11-16,36.20000076293945
2023-11-17,36.7599983215332
2023-11-20,37.310001373291016
2023-11-21,36.65999984741211
2023-11-22,36.93000030517578
2023-11-24,37.20000076293945
2023-11-27,36.84000015258789
2023-11-28,36.849998474121094
2023-11-29,37.540000915527344
2023-11-30,37.810001373291016
2023-12-01,39.72999954223633
2023-12-04,34.08000183105469
2023-12-05,35.56999969482422
2023-12-06,35.66999816894531
2023-12-07,35.970001220703125
2023-12-08,35.61000061035156
2023-12-11,35.75
2023-12-12,37.310001373291016
2023-12-13,38.630001068115234
2023-12-14,39.15999984741211
2023-12-15,38.95000076293945
2023-12-18,39.27000045776367
2023-12-19,40.20000076293945
2023-12-20,40.09000015258789
2023-12-21,40.59000015258789
2023-12-22,40.68000030517578
2023-12-26,40.15999984741211
2023-12-27,39.66999816894531
2023-12-28,39.91999816894531
2023-12-29,39.06999969482422
2024-01-02,38.34000015258789
2024-01-03,36.41999816894531
2024-01-04,36.810001373291016
2024-01-05,37.95000076293945
2024-01-08,37.869998931884766
2024-01-09,37.369998931884766
2024-01-10,37.060001373291016
2024-01-11,36.9900016784668
2024-01-12,35.16999816894531
2024-01-16,34.41999816894531
2024-01-17,33.61000061035156
2024-01-18,34.959999084472656
2024-01-19,34.84000015258789
2024-01-22,34.83000183105469
2024-01-23,35.83000183105469
2024-01-24,35.81999969482422
2024-01-25,37.41999816894531
2024-01-26,36.77000045776367
2024-01-29,37.220001220703125
2024-01-30,36.689998626708984
2024-01-31,35.83000183105469
2024-02-01,36.2599983215332
2024-02-02,36.130001068115234
2024-02-05,35.279998779296875
2024-02-06,35.9900016784668
2024-02-07,35.599998474121094
2024-02-08,36.5099983215332
2024-02-09,37.189998626708984
2024-02-12,37.33000183105469
2024-02-13,36.56999969482422
2024-02-14,37.29999923706055
2024-02-15,37.75
2024-02-16,37.52000045776367
2024-02-20,38.91999816894531
2024-02-21,39.18000030517578
2024-02-22,39.380001068115234
2024-02-23,38.650001525878906
2024-02-26,37.709999084472656
2024-02-27,38.5
2024-02-28,38.08000183105469
2024-02-29,37.38999938964844
2024-03-01,37.0
2024-03-04,36.869998931884766
2024-03-05,37.209999084472656
2024-03-06,36.959999084472656
2024-03-07,37.279998779296875
2024-03-08,36.59000015258789
2024-03-11,37.36000061035156
2024-03-12,38.61000061035156
2024-03-13,39.369998931884766
2024-03-14,38.15999984741211
2024-03-15,38.18000030517578
2024-03-18,38.209999084472656
2024-03-19,37.81999969482422
2024-03-20,38.779998779296875
2024-03-21,39.7599983215332
2024-03-22,39.560001373291016
2024-03-25,39.68000030517578
2024-03-26,39.869998931884766
2024-03-27,42.0099983215332
2024-03-28,42.9900016784668
2024-04-01,43.06999969482422
2024-04-02,42.060001373291016
2024-04-03,41.880001068115234
2024-04-04,41.7599983215332
2024-04-05,42.47999954223633
2024-04-08,42.58000183105469
2024-04-09,43.0099983215332
2024-04-10,41.959999084472656
2024-04-11,42.66999816894531
2024-04-12,41.29999923706055
2024-04-15,40.97999954223633
2024-04-16,40.79999923706055
2024-04-17,42.720001220703125
2024-04-18,44.439998626708984
2024-04-19,45.0099983215332
2024-04-22,45.529998779296875
2024-04-23,45.08000183105469
2024-04-24,44.22999954223633
2024-04-25,44.54999923706055
2024-04-26,43.959999084472656
2024-04-29,44.09000015258789
2024-04-30,43.02000045776367
2024-05-01,42.18000030517578
2024-05-02,42.70000076293945
2024-05-03,42.68000030517578
2024-05-06,43.849998474121094
2024-05-07,43.16999816894531
2024-05-08,43.290000915527344
2024-05-09,43.86000061035156
2024-05-10,43.7599983215332
2024-05-13,43.869998931884766
2024-05-14,43.779998779296875
2024-05-15,43.47999954223633
2024-05-16,43.279998779296875
2024-05-17,43.290000915527344
2024-05-20,43.88999938964844
2024-05-21,43.75
2024-05-22,43.599998474121094
2024-05-23,42.349998474121094
2024-05-24,42.70000076293945
2024-05-28,41.7400016784668
2024-05-29,40.650001525878906
2024-05-30,41.18000030517578
2024-05-31,42.02000045776367
2024-06-03,41.93000030517578
2024-06-04,41.7599983215332
2024-06-05,41.45000076293945
2024-06-06,40.97999954223633
2024-06-07,40.7400016784668
2024-06-10,41.349998474121094
2024-06-11,40.2400016784668
2024-06-12,41.5099983215332
2024-06-13,41.0099983215332
2024-06-14,40.33000183105469
2024-06-17,41.150001525878906
2024-06-18,41.5099983215332
2024-06-20,41.34000015258789
2024-06-21,41.18000030517578
2024-06-24,41.810001373291016
2024-06-25,40.81999969482422
2024-06-26,40.68000030517578
2024-06-27,40.7599983215332
2024-06-28,40.400001525878906
